{
  "results": [
    {
      "command": "make run-simd",
      "mean": 8055.409910621121,
      "stddev": 6.529313091514495,
      "median": 8055.409910621121,
      "user": 8054.7913915399995,
      "system": 0.20702444,
      "min": 8050.792989057621,
      "max": 8060.026832184621,
      "times": [
        8050.792989057621,
        8060.026832184621
      ],
      "exit_codes": [
        0,
        0
      ]
    },
    {
      "command": "make run-seq",
      "mean": 9616.94479933012,
      "stddev": 2.1547725379516263,
      "median": 9616.94479933012,
      "user": 9616.23697604,
      "system": 0.23169244,
      "min": 9615.42114505662,
      "max": 9618.46845360362,
      "times": [
        9615.42114505662,
        9618.46845360362
      ],
      "exit_codes": [
        0,
        0
      ]
    },
    {
      "command": "make run-parallel",
      "mean": 13204.468456069619,
      "stddev": 47.20218755361531,
      "median": 13204.468456069619,
      "user": 210538.51770804002,
      "system": 520.1870014399999,
      "min": 13171.091469163619,
      "max": 13237.84544297562,
      "times": [
        13171.091469163619,
        13237.84544297562
      ],
      "exit_codes": [
        0,
        0
      ]
    }
  ]
}
