{
  "results": [
    {
      "command": "build/main_simd",
      "mean": 1206.33929617944,
      "stddev": null,
      "median": 1206.33929617944,
      "user": 1206.0551496799999,
      "system": 0.23975438,
      "min": 1206.33929617944,
      "max": 1206.33929617944,
      "times": [
        1206.33929617944
      ],
      "exit_codes": [
        0
      ]
    },
    {
      "command": "build/main_seq",
      "mean": 1503.91158634344,
      "stddev": null,
      "median": 1503.91158634344,
      "user": 1503.59630168,
      "system": 0.25363538,
      "min": 1503.91158634344,
      "max": 1503.91158634344,
      "times": [
        1503.91158634344
      ],
      "exit_codes": [
        0
      ]
    },
    {
      "command": "build/main_parallel",
      "mean": 3299.07367778244,
      "stddev": null,
      "median": 3299.07367778244,
      "user": 51667.66833767999,
      "system": 89.62724038,
      "min": 3299.07367778244,
      "max": 3299.07367778244,
      "times": [
        3299.07367778244
      ],
      "exit_codes": [
        0
      ]
    }
  ]
}
